overall_precision,overall_recall,overall_f1,overall_accuracy
0.7057810578105781,0.5079674220963173,0.5907546587048286,0.9015182513190482
